run_id,round,metric,value
chat_12b,1,cooperation_rate,0.5
chat_12b,2,cooperation_rate,0.5
chat_12b,3,cooperation_rate,0.5
chat_12b,4,cooperation_rate,0.5
chat_12b,5,cooperation_rate,0.5
chat_12b,6,cooperation_rate,0.5
chat_12b,7,cooperation_rate,0.5
chat_12b,8,cooperation_rate,0.5
chat_12b,9,cooperation_rate,0.5
chat_12b,10,cooperation_rate,0.5
nochat_12b,1,cooperation_rate,0.5
nochat_12b,2,cooperation_rate,0.5
nochat_12b,3,cooperation_rate,0.5
nochat_12b,4,cooperation_rate,0.5
nochat_12b,5,cooperation_rate,0.5
nochat_12b,6,cooperation_rate,0.5
nochat_12b,7,cooperation_rate,0.5
nochat_12b,8,cooperation_rate,0.5
nochat_12b,9,cooperation_rate,0.5
nochat_12b,10,cooperation_rate,0.5
chat_26b,1,cooperation_rate,1.0
chat_26b,2,cooperation_rate,1.0
chat_26b,3,cooperation_rate,1.0
chat_26b,4,cooperation_rate,1.0
chat_26b,5,cooperation_rate,1.0
chat_26b,6,cooperation_rate,1.0
chat_26b,7,cooperation_rate,1.0
chat_26b,8,cooperation_rate,1.0
chat_26b,9,cooperation_rate,1.0
chat_26b,10,cooperation_rate,1.0
nochat_26b,1,cooperation_rate,0.625
nochat_26b,2,cooperation_rate,0.5
nochat_26b,3,cooperation_rate,0.625
nochat_26b,4,cooperation_rate,0.5
nochat_26b,5,cooperation_rate,0.25
nochat_26b,6,cooperation_rate,0.5
nochat_26b,7,cooperation_rate,0.375
nochat_26b,8,cooperation_rate,0.25
nochat_26b,9,cooperation_rate,0.25
nochat_26b,10,cooperation_rate,0.25
pgg_general,1,mean_contribution_share,0.984
pgg_general,2,mean_contribution_share,1.0
pgg_general,3,mean_contribution_share,1.0
pgg_general,4,mean_contribution_share,1.0
pgg_general,5,mean_contribution_share,1.0
pgg_general,6,mean_contribution_share,1.0
pgg_general,7,mean_contribution_share,1.0
pgg_general,8,mean_contribution_share,1.0
pgg_general,9,mean_contribution_share,1.0
pgg_general,10,mean_contribution_share,1.0
pgg_general,1,mean_contribution,19.69
pgg_general,2,mean_contribution,20.0
pgg_general,3,mean_contribution,20.0
pgg_general,4,mean_contribution,20.0
pgg_general,5,mean_contribution,20.0
pgg_general,6,mean_contribution,20.0
pgg_general,7,mean_contribution,20.0
pgg_general,8,mean_contribution,20.0
pgg_general,9,mean_contribution,20.0
pgg_general,10,mean_contribution,20.0
beauty,1,mean_guess,20.06
beauty,2,mean_guess,9.56
beauty,3,mean_guess,4.06
beauty,4,mean_guess,1.62
beauty,5,mean_guess,0.62
beauty,6,mean_guess,0.06
beauty,7,mean_guess,0
beauty,8,mean_guess,0
beauty,9,mean_guess,0
beauty,10,mean_guess,0
trust,1,mean_sent,5.88
trust,2,mean_sent,6.62
trust,3,mean_sent,7.75
trust,4,mean_sent,8.62
trust,5,mean_sent,9.12
trust,6,mean_sent,9.12
trust,7,mean_sent,9.12
trust,8,mean_sent,9.12
trust,9,mean_sent,9.12
trust,10,mean_sent,7.88
trust,1,mean_return_share,0.45
trust,2,mean_return_share,0.514
trust,3,mean_return_share,0.557
trust,4,mean_return_share,0.573
trust,5,mean_return_share,0.596
trust,6,mean_return_share,0.625
trust,7,mean_return_share,0.592
trust,8,mean_return_share,0.575
trust,9,mean_return_share,0.596
trust,10,mean_return_share,0.657
ultimatum,1,mean_offer,10
ultimatum,2,mean_offer,10
ultimatum,3,mean_offer,10
ultimatum,4,mean_offer,10
ultimatum,5,mean_offer,10
ultimatum,6,mean_offer,10
ultimatum,7,mean_offer,10
ultimatum,8,mean_offer,10
ultimatum,9,mean_offer,10
ultimatum,10,mean_offer,10
ultimatum,1,acceptance_rate,1.0
ultimatum,2,acceptance_rate,1.0
ultimatum,3,acceptance_rate,1.0
ultimatum,4,acceptance_rate,1.0
ultimatum,5,acceptance_rate,1.0
ultimatum,6,acceptance_rate,1.0
ultimatum,7,acceptance_rate,1.0
ultimatum,8,acceptance_rate,1.0
ultimatum,9,acceptance_rate,1.0
ultimatum,10,acceptance_rate,1.0
pd_workplace,1,cooperation_rate,0.562
pd_workplace,2,cooperation_rate,0.5
pd_workplace,3,cooperation_rate,0.375
pd_workplace,4,cooperation_rate,0.438
pd_workplace,5,cooperation_rate,0.438
pd_workplace,6,cooperation_rate,0.375
pd_workplace,7,cooperation_rate,0.375
pd_workplace,8,cooperation_rate,0.375
pd_workplace,9,cooperation_rate,0.438
pd_workplace,10,cooperation_rate,0.312
pgg_workplace,1,mean_contribution_share,0.875
pgg_workplace,2,mean_contribution_share,0.719
pgg_workplace,3,mean_contribution_share,0.562
pgg_workplace,4,mean_contribution_share,0.469
pgg_workplace,5,mean_contribution_share,0.406
pgg_workplace,6,mean_contribution_share,0.281
pgg_workplace,7,mean_contribution_share,0.312
pgg_workplace,8,mean_contribution_share,0.312
pgg_workplace,9,mean_contribution_share,0.25
pgg_workplace,10,mean_contribution_share,0.188
pgg_workplace,1,mean_contribution,17.5
pgg_workplace,2,mean_contribution,14.38
pgg_workplace,3,mean_contribution,11.25
pgg_workplace,4,mean_contribution,9.38
pgg_workplace,5,mean_contribution,8.12
pgg_workplace,6,mean_contribution,5.62
pgg_workplace,7,mean_contribution,6.25
pgg_workplace,8,mean_contribution,6.25
pgg_workplace,9,mean_contribution,5.0
pgg_workplace,10,mean_contribution,3.75
net_off,1,cooperation_rate,0.5
net_off,2,cooperation_rate,0.312
net_off,3,cooperation_rate,0.375
net_off,4,cooperation_rate,0.375
net_off,5,cooperation_rate,0.375
net_off,6,cooperation_rate,0.375
net_off,7,cooperation_rate,0.375
net_off,8,cooperation_rate,0.375
net_off,9,cooperation_rate,0.375
net_off,10,cooperation_rate,0.312
net_ba,1,cooperation_rate,0.688
net_ba,2,cooperation_rate,0.375
net_ba,3,cooperation_rate,0.375
net_ba,4,cooperation_rate,0.375
net_ba,5,cooperation_rate,0.312
net_ba,6,cooperation_rate,0.312
net_ba,7,cooperation_rate,0.312
net_ba,8,cooperation_rate,0.312
net_ba,9,cooperation_rate,0.312
net_ba,10,cooperation_rate,0.312
net_ba,1,conversations,10
net_ba,2,conversations,7
net_ba,3,conversations,9
net_ba,4,conversations,10
net_ba,5,conversations,10
net_ba,6,conversations,6
net_ba,7,conversations,6
net_ba,8,conversations,14
net_ba,9,conversations,11
net_ba,10,conversations,8
net_ba,1,messages,20
net_ba,2,messages,14
net_ba,3,messages,18
net_ba,4,messages,20
net_ba,5,messages,20
net_ba,6,messages,12
net_ba,7,messages,12
net_ba,8,messages,28
net_ba,9,messages,22
net_ba,10,messages,16
net_er,1,cooperation_rate,0.812
net_er,2,cooperation_rate,0.812
net_er,3,cooperation_rate,0.688
net_er,4,cooperation_rate,0.625
net_er,5,cooperation_rate,0.625
net_er,6,cooperation_rate,0.688
net_er,7,cooperation_rate,0.688
net_er,8,cooperation_rate,0.688
net_er,9,cooperation_rate,0.625
net_er,10,cooperation_rate,0.562
net_er,1,conversations,13
net_er,2,conversations,7
net_er,3,conversations,9
net_er,4,conversations,13
net_er,5,conversations,12
net_er,6,conversations,6
net_er,7,conversations,8
net_er,8,conversations,15
net_er,9,conversations,12
net_er,10,conversations,9
net_er,1,messages,26
net_er,2,messages,14
net_er,3,messages,18
net_er,4,messages,26
net_er,5,messages,24
net_er,6,messages,12
net_er,7,messages,16
net_er,8,messages,30
net_er,9,messages,24
net_er,10,messages,18
net_ws,1,cooperation_rate,0.688
net_ws,2,cooperation_rate,0.562
net_ws,3,cooperation_rate,0.562
net_ws,4,cooperation_rate,0.5
net_ws,5,cooperation_rate,0.5
net_ws,6,cooperation_rate,0.5
net_ws,7,cooperation_rate,0.5
net_ws,8,cooperation_rate,0.5
net_ws,9,cooperation_rate,0.5
net_ws,10,cooperation_rate,0.5
net_ws,1,conversations,12
net_ws,2,conversations,7
net_ws,3,conversations,10
net_ws,4,conversations,14
net_ws,5,conversations,11
net_ws,6,conversations,6
net_ws,7,conversations,8
net_ws,8,conversations,17
net_ws,9,conversations,13
net_ws,10,conversations,7
net_ws,1,messages,24
net_ws,2,messages,14
net_ws,3,messages,20
net_ws,4,messages,28
net_ws,5,messages,22
net_ws,6,messages,12
net_ws,7,messages,16
net_ws,8,messages,34
net_ws,9,messages,26
net_ws,10,messages,14
net_ring,1,cooperation_rate,0.625
net_ring,2,cooperation_rate,0.438
net_ring,3,cooperation_rate,0.375
net_ring,4,cooperation_rate,0.375
net_ring,5,cooperation_rate,0.438
net_ring,6,cooperation_rate,0.438
net_ring,7,cooperation_rate,0.375
net_ring,8,cooperation_rate,0.375
net_ring,9,cooperation_rate,0.375
net_ring,10,cooperation_rate,0.312
net_ring,1,conversations,13
net_ring,2,conversations,7
net_ring,3,conversations,10
net_ring,4,conversations,13
net_ring,5,conversations,13
net_ring,6,conversations,6
net_ring,7,conversations,8
net_ring,8,conversations,17
net_ring,9,conversations,13
net_ring,10,conversations,8
net_ring,1,messages,26
net_ring,2,messages,14
net_ring,3,messages,20
net_ring,4,messages,26
net_ring,5,messages,26
net_ring,6,messages,12
net_ring,7,messages,16
net_ring,8,messages,34
net_ring,9,messages,26
net_ring,10,messages,16
ch_off,1,cooperation_rate,0.625
ch_off,2,cooperation_rate,0.438
ch_off,3,cooperation_rate,0.312
ch_off,4,cooperation_rate,0.312
ch_off,5,cooperation_rate,0.25
ch_off,6,cooperation_rate,0.25
ch_off,7,cooperation_rate,0.312
ch_off,8,cooperation_rate,0.25
ch_off,9,cooperation_rate,0.25
ch_off,10,cooperation_rate,0.188
ch_ba0,1,cooperation_rate,0.812
ch_ba0,2,cooperation_rate,0.625
ch_ba0,3,cooperation_rate,0.688
ch_ba0,4,cooperation_rate,0.625
ch_ba0,5,cooperation_rate,0.625
ch_ba0,6,cooperation_rate,0.625
ch_ba0,7,cooperation_rate,0.625
ch_ba0,8,cooperation_rate,0.625
ch_ba0,9,cooperation_rate,0.625
ch_ba0,10,cooperation_rate,0.562
ch_ba0,1,conversations,10
ch_ba0,2,conversations,7
ch_ba0,3,conversations,9
ch_ba0,4,conversations,10
ch_ba0,5,conversations,10
ch_ba0,6,conversations,6
ch_ba0,7,conversations,6
ch_ba0,8,conversations,14
ch_ba0,9,conversations,11
ch_ba0,10,conversations,8
ch_ba0,1,messages,20
ch_ba0,2,messages,14
ch_ba0,3,messages,18
ch_ba0,4,messages,20
ch_ba0,5,messages,20
ch_ba0,6,messages,12
ch_ba0,7,messages,12
ch_ba0,8,messages,28
ch_ba0,9,messages,22
ch_ba0,10,messages,16
ch_ba,1,cooperation_rate,0.688
ch_ba,2,cooperation_rate,0.625
ch_ba,3,cooperation_rate,0.562
ch_ba,4,cooperation_rate,0.625
ch_ba,5,cooperation_rate,0.562
ch_ba,6,cooperation_rate,0.562
ch_ba,7,cooperation_rate,0.562
ch_ba,8,cooperation_rate,0.562
ch_ba,9,cooperation_rate,0.562
ch_ba,10,cooperation_rate,0.438
ch_ba,1,conversations,8
ch_ba,2,conversations,6
ch_ba,3,conversations,6
ch_ba,4,conversations,10
ch_ba,5,conversations,7
ch_ba,6,conversations,4
ch_ba,7,conversations,5
ch_ba,8,conversations,10
ch_ba,9,conversations,9
ch_ba,10,conversations,7
ch_ba,1,messages,18
ch_ba,2,messages,13
ch_ba,3,messages,15
ch_ba,4,messages,22
ch_ba,5,messages,18
ch_ba,6,messages,10
ch_ba,7,messages,11
ch_ba,8,messages,24
ch_ba,9,messages,20
ch_ba,10,messages,15
ch_ba_mem,1,cooperation_rate,0.75
ch_ba_mem,2,cooperation_rate,0.688
ch_ba_mem,3,cooperation_rate,0.75
ch_ba_mem,4,cooperation_rate,0.625
ch_ba_mem,5,cooperation_rate,0.625
ch_ba_mem,6,cooperation_rate,0.625
ch_ba_mem,7,cooperation_rate,0.625
ch_ba_mem,8,cooperation_rate,0.625
ch_ba_mem,9,cooperation_rate,0.625
ch_ba_mem,10,cooperation_rate,0.625
ch_ba_mem,1,conversations,8
ch_ba_mem,2,conversations,6
ch_ba_mem,3,conversations,6
ch_ba_mem,4,conversations,10
ch_ba_mem,5,conversations,7
ch_ba_mem,6,conversations,4
ch_ba_mem,7,conversations,5
ch_ba_mem,8,conversations,10
ch_ba_mem,9,conversations,9
ch_ba_mem,10,conversations,7
ch_ba_mem,1,messages,18
ch_ba_mem,2,messages,13
ch_ba_mem,3,messages,15
ch_ba_mem,4,messages,22
ch_ba_mem,5,messages,18
ch_ba_mem,6,messages,10
ch_ba_mem,7,messages,11
ch_ba_mem,8,messages,24
ch_ba_mem,9,messages,20
ch_ba_mem,10,messages,15
